,index,species,location,ts.length,ts.start,ts.end,lat,lon
50,50,Lake sockeye,Alastair,48,1960,2011,54.1997,-129.6797
51,51,Lake sockeye,Anderson-Seton-Early Summer,44,1968,2011,49.1087,-123.2001
53,53,Lake sockeye,Awun,49,1957,2012,53.6956,-132.3796
1,1,Chinook,Bella Coola-Bentinck,27,1985,2011,52.3832,-126.7826
12,12,Chum,Bella Coola-Dean Rivers,59,1954,2012,52.7958,-126.9712
29,29,Coho,Bella Coola-Dean Rivers,60,1954,2013,52.7958,-126.9712
59,59,Lake sockeye,Bloomfield,44,1954,2008,52.8673,-128.6906
60,60,Lake sockeye,Bowron-Early Summer,62,1950,2011,49.1087,-123.2001
30,30,Coho,Brim-Wahoo,45,1959,2013,53.5059,-128.3672
61,61,Lake sockeye,Canoona,30,1975,2008,53.0773,-128.5526
62,62,Lake sockeye,Chilko-Summer,62,1950,2011,49.1087,-123.2001
63,63,Lake sockeye,Curtis Inlet,27,1960,2002,53.5439,-129.8876
64,64,Lake sockeye,Damdochax,21,1982,2011,54.9849,-129.7368
2,2,Chinook,Dean River,27,1985,2011,52.8064,-126.9593
66,66,Lake sockeye,Devon,39,1960,2002,53.45,-129.8076
31,31,Coho,Douglas Channel-Kitimat Arm,44,1959,2013,53.9347,-128.6988
13,13,Chum,Douglas-Gardner,59,1954,2012,53.7868,-128.8462
14,14,Chum,East Haida Gwaii,55,1954,2008,53.2815,-131.9029
32,32,Coho,East Haida Gwaii,60,1954,2013,53.2815,-131.9029
116,116,Pink (even),East Haida Gwaii (even),31,1954,2014,53.2815,-131.9029
125,125,Pink (odd),East Haida Gwaii (odd),31,1955,2015,53.2815,-131.9029
126,126,Pink (odd),East Howe Sound-Burrard Inlet (odd),29,1957,2013,49.3316,-123.2867
127,127,Pink (odd),East Vancouver Island-Johnstone Strait (odd),29,1957,2013,50.4583,-126.0568
67,67,Lake sockeye,Evelyn,46,1954,2011,53.5683,-128.9598
68,68,Lake sockeye,Francois-Fraser-Summer,62,1950,2011,49.1087,-123.2001
128,128,Pink (odd),Fraser River (odd),30,1959,2017,49.1087,-123.2001
117,117,Pink (even),Georgia Strait (even),31,1954,2014,49.4052,-124.0343
129,129,Pink (odd),Georgia Strait (odd),29,1957,2013,49.4052,-124.0343
71,71,Lake sockeye,Great Central,35,1977,2011,49.2322,-124.8261
34,34,Coho,Haida Gwaii-Graham Island Lowlands,45,1954,2008,53.4969,-131.8797
139,139,River sockeye,Harrison River (river-type),61,1950,2010,49.1087,-123.2001
72,72,Lake sockeye,Harrison-Upstream Migrating-Late,46,1966,2011,49.1087,-123.2001
73,73,Lake sockeye,Hartley Bay,28,1955,2011,53.4167,-129.2428
15,15,Chum,Hecate Lowlands,59,1954,2012,53.7289,-130.5394137
118,118,Pink (even),Hecate Lowlands (even),31,1954,2014,53.7289,-130.5394137
35,35,Coho,Hecate Strait Mainland,60,1954,2013,53.2402,-130.9093
119,119,Pink (even),Hecate Strait-Fjords (even),31,1954,2014,54.143,-130.4484936
130,130,Pink (odd),Hecate Strait-Fjords (odd),31,1955,2015,54.143,-130.4484936
131,131,Pink (odd),Hecate Strait-Lowlands (odd),31,1955,2015,53.7289,-130.5394137
132,132,Pink (odd),Homathko-Klinaklini-Smith-Rivers-Bella Coola-Dean (odd),30,1955,2013,52.3386,-127.1839
74,74,Lake sockeye,Kadjusdis River,29,1954,2006,52.1596,-128.0515
75,75,Lake sockeye,Kainet Creek,35,1956,2011,52.7522,-127.8881
3,3,Chinook,Kalum-Late,26,1981,2006,54.1846,-129.9736
76,76,Lake sockeye,Kamloops-Early Summer,62,1950,2011,49.1087,-123.2001
78,78,Lake sockeye,Kitlope,48,1954,2011,53.2417,-127.8799
79,79,Lake sockeye,Kitsumkalum,45,1960,2011,54.2056,-129.6998
80,80,Lake sockeye,Koeye,25,1954,2000,51.7775,-127.8742
82,82,Lake sockeye,Lakelse,42,1960,2011,54.2056,-129.6998
83,83,Lake sockeye,Lillooet-Harrison-Late,61,1950,2011,49.1087,-123.2001
84,84,Lake sockeye,Long,55,1954,2008,51.2953,-127.3383
85,85,Lake sockeye,Lowe/Simpson/Weir,26,1960,1995,53.538,-129.5991
37,37,Coho,Lower Nass,54,1959,2013,54.9867,-129.7208
4,4,Chinook,Lower Skeena,23,1981,2007,54.1846,-129.9736
17,17,Chum,Lower Skeena,49,1958,2012,54.2218,-129.8289
38,38,Coho,Lower Skeena,57,1954,2013,54.1815,-129.6247
133,133,Pink (odd),Lower Skeena River (odd),31,1955,2015,54.1846,-129.9736
86,86,Lake sockeye,Marian/Eden,41,1954,2012,53.9788,-132.6423
87,87,Lake sockeye,Mary Cove Creek,33,1954,1996,52.6062,-128.4484
88,88,Lake sockeye,Mcdonell/Dennis/Aldrich,29,1960,2009,53.5931,-132.8537
89,89,Lake sockeye,Mercer,34,1954,2012,53.5982,-132.8968
90,90,Lake sockeye,Meziadin,31,1982,2012,54.9922,-129.76315
40,40,Coho,Middle Skeena,60,1954,2013,54.1815,-129.6247
5,5,Chinook,Middle Skeena-Large Lakes,31,1981,2011,54.1846,-129.9736
6,6,Chinook,Middle Skeena-Mainstem Tributaries,30,1981,2011,54.1846,-129.9736
120,120,Pink (even),Middle-Upper Skeena (even),31,1954,2014,54.1846,-129.9736
134,134,Pink (odd),Middle-Upper Skeena (odd),31,1955,2015,54.1846,-129.9736
91,91,Lake sockeye,Mikado,33,1960,2001,53.3116,-129.6943
92,92,Lake sockeye,Morice/Atna,40,1960,2011,53.8312,-128.5002
18,18,Chum,Mussel-Kynoch,59,1954,2012,52.7657,-128.1431
41,41,Coho,Mussel-Kynoch,57,1954,2010,52.7657,-128.1431
94,94,Lake sockeye,Nadina-Francois-Early Summer,39,1973,2011,49.1087,-123.2001
135,135,Pink (odd),Nahwitti (odd),29,1957,2013,50.8529,-128.17802
95,95,Lake sockeye,Namu,23,1954,2011,51.858,-127.8759
136,136,Pink (odd),Nass-Portland-Observatory (odd),31,1955,2015,54.1846,-129.9736
121,121,Pink (even),Nass-Skeena Estuary (even),31,1954,2014,54.1846,-129.9736
137,137,Pink (odd),Nass-Skeena Estuary (odd),31,1955,2015,54.1846,-129.9736
97,97,Lake sockeye,Nimpkish,43,1970,2012,50.5691,-126.9701
7,7,Chinook,North & Central Coast-Early,27,1985,2011,54.2821,-131.14219
98,98,Lake sockeye,North Barriere-Early Summer (de novo),45,1967,2011,49.1087,-123.2001
19,19,Chum,North Haida Gwaii,49,1954,2002,54.1859,-132.3079
122,122,Pink (even),North Haida Gwaii (even),30,1954,2012,54.1859,-132.3079
99,99,Lake sockeye,Northern Coastal Fjords (river-type),52,1960,2011,54.1019,-130.3139
43,43,Coho,Northern Coastal Streams,60,1954,2013,53.37697,-129.1809
20,20,Chum,Northwest Vancouver Island,49,1956,2010,50.4062,-128.0834
100,100,Lake sockeye,Owikeno,58,1954,2011,51.6762,-127.2953
101,101,Lake sockeye,Pitt-Early Summer,62,1950,2011,49.1087,-123.2001
21,21,Chum,Portland Canal-Observatory,59,1954,2012,55.6252,-130.1182
22,22,Chum,Portland Inlet,58,1954,2011,54.7432,-130.3863
8,8,Chinook,Portland Sound-Observatory Inlet-Lower Nass,26,1986,2011,54.98026,-129.7084
44,44,Coho,Portland Sound-Observatory Inlet-Portland Canal,37,1954,2010,55.2526,-129.8389
103,103,Lake sockeye,Prudhomme,49,1960,2011,54.2644,-130.2311
9,9,Chinook,Rivers Inlet,32,1980,2011,51.6772,-127.2599
23,23,Chum,Rivers Inlet,54,1954,2007,51.6694,-127.371885
105,105,Lake sockeye,Seton-Late (de novo),58,1953,2011,49.1087,-123.2001
106,106,Lake sockeye,Shawatlan,37,1960,2002,54.3169,-130.2581
24,24,Chum,Skidegate,57,1954,2010,53.2643,-131.9607
107,107,Lake sockeye,Skidegate,56,1956,2012,53.2643,-131.9607
25,25,Chum,Smith Inlet,56,1954,2009,51.298,-127.3468
45,45,Coho,Smith Inlet,25,1955,2010,51.298,-127.3468
123,123,Pink (even),Southern Fjords (even),31,1954,2014,50.6559,-126.1887
138,138,Pink (odd),Southern Fjords (odd),29,1957,2013,50.6559,-126.1887
26,26,Chum,Southwest & West Vancouver Island,48,1956,2010,48.8616,-125.3557313
27,27,Chum,Spiller-Fitz-Hugh-Burke,59,1954,2012,54.0365,-130.2477
108,108,Lake sockeye,Sproat,35,1977,2011,49.2238,-124.8236
109,109,Lake sockeye,Stephens,38,1960,2011,54.1815,-129.6247
110,110,Lake sockeye,Swan/Club,24,1960,2011,49.1087,-123.2001
112,112,Lake sockeye,Tankeeah River,37,1954,2008,52.2958,-128.2503
10,10,Chinook,Upper Nass,26,1986,2011,54.98026,-129.7084
47,47,Coho,Upper Nass,43,1970,2013,54.98026,-129.7084
48,48,Coho,Upper Skeena,21,1958,2013,54.1815,-129.6247
11,11,Chinook,Wannock,32,1980,2011,51.6718,-127.2625
28,28,Chum,West Haida Gwaii,56,1954,2009,53.3956,-132.8771
49,49,Coho,West Haida Gwaii,34,1964,2005,53.3956,-132.8771
124,124,Pink (even),West Haida Gwaii (even),31,1954,2014,53.3956,-132.8771
114,114,Lake sockeye,Yakoun,50,1957,2012,53.2164,-132.1785
115,115,Lake sockeye,Yeo,27,1954,2008,52.3462,-128.1708
